,prediction
0,"The Prime Minister of Singapore is Lee Hsien Loong, as stated in Document[688], Document[1996], and Document[1774].</s>"
1,"The National University of Singapore (NUS) is the top university in Singapore, as indicated by Docs[364], [337], and [832].</s>"
2,"The temperature in Singapore during the interview with Doc[58] was not mentioned. However, as stated in Document[58], ""I like tropical."" This suggests that the climate in Singapore during the interview may have been suitable for the interviewee. Therefore, it can be assumed that the climate in Singapore during the time of the interview was likely pleasant.</s>"
3,"According to Document[397], victims of scams often feel ashamed, embarrassed, and violated. They may also experience symptoms of depression, anxiety, and stress. The mental toll of scams can be severe, with some victims taking a long time to recover. In addition, scams can cause victims to feel embarrassed and ashamed, leading to a reluctance to seek help or advice.

As stated in"
4,"Singapore's men's team beat Japan 3-2 in their second Group B match on Thursday, February 17, as stated in Doc[459].</s>"
5,The new scheme for Covid-19 swabs in Singapore is not provided in the given documents.</s>
6,"The focus of Singapore's Budget 2022 is on longer-term goals with less focus on immediate Covid-19 measures, as stated in Document[480] and Document[514]. However, the government will continue to manage these immediate measures as stated in Document[514]. Despite this, some experts feel that structural unemployment should be addressed more, as stated in Document[635] and Document[515"
7,"As stated in Document[1], President Halimah Yacob’s decision is to grant clemency to the two drug traffickers. The decision was made public on February 27th, 2023. Document[2] reports that the President’s decision was based on her assessment of the men’s rehabilitation progress.</s>"
8,"Press freedom in Singapore is regulated by laws, as stated in Document[452].</s>"
9,"A man was shot during a confrontation with police officers outside Clementi Neighbourhood Police Centre in Clementi Avenue 5 on Thursday. The man has been identified as 49-year-old and has been charged with assault on Friday, February 18.</s>"
10,"The key takeaways from the recent Singapore Airshow include building new homes in Paya Lebar and attracting top talent, as stated in Document[1739] and [926]. Additionally, the new Airbus can be more fuel-efficient and easily deployed onto alternative routes, as stated in Document[376].</s>"
11,"As stated in Document[496], ""Singapore will introduce a goods and services tax (GST) hike, as well as higher income tax for top earners, and CDC vouchers for all in Budget 2022"" (as also seen in Document[515] and Document[522]).</s>"
12,"
As of March 8, 2023, no updates have been provided in the articles available.</s>"
13,"Singapore has announced a range of measures to tackle the climate crisis as part of its Budget 2022. These include increasing the use of renewable energy sources, enhancing energy efficiency, and adopting sustainable practices in various sectors, such as transport and waste management. The government aims to achieve net-zero emissions by 2050 and has set up the Carbon Trust to support businesses in their transition to low-carbon"
14,The goal of the Citizen Archivist initiative in Singapore is to make the country's history accessible to all. (as stated in Document[0])</s>
15,"As stated in Document[941], China's development is positive for the region, and Singapore's stock market has been impacted positively by China's economic growth.</s>"
16,"The controversy surrounding the Red Lions name in Singapore centers on its association with the British colonial era, as well as its perceived association with violence and aggression. As stated in Document[2], the team was originally named the ""Singapore Red Lions"" in 2019, but the name was changed to ""Lion City S.C."" after objections were raised by some, including a former military officer who had served in the British army. The controvers"
17,"Lee Kuan Yew is remembered in Singapore as a national hero and a visionary leader who played a pivotal role in the country's independence and development. He is credited with transforming Singapore from a British colony to a thriving cosmopolitan city-state, and establishing it as a global financial hub. As stated in Document[1964], Lee Kuan Yew was the co-founder of the law firm that would later become the"
18,"Singapore's stock market has been affected by global economic trends in recent times. As stated in Document [1939], rising inflation and the global sell-off in technology stocks took a toll on the top 50. The same document also notes that the stock price of a ride-hailing and e-commerce company nearly halved its value since its debut on the Nasdaq exchange in December 2021.</s>"
19,"Citing Document[120], as of last Friday, there were 254 active dengue clusters island-wide and heavier penalties were needed as a deterrent. Document[989] states that there were 196 clusters at the end of April. It is unclear what measures are being taken as the peak season approaches, but the National Environment Agency (NEA) will not hesitate to issue SwOs to ensure that construction firms take the"
20,"Universal Studios Singapore is planning to add a new themed zone called Minion Land, inspired by the Despicable Me film franchise. It will replace the existing S-Zone, as stated in Document[464] and Document[570].</s>"
21,"
The recent property tax increase in Singapore is intended to adjust the current property tax, which is currently Singapore's principal means of taxing wealth, as stated in Document[519]. The marginal property tax rates will be adjusted, as stated in Document[519]. The increase in property tax will affect the top 7% of owner-occupied residential properties, as stated in Document[562].</s>"
22,"""Thirteen people aged between 19 and 22 have been arrested for their suspected involvement in the recent spate of scams targeting OCBC Ban.""</s>"
23,"The carbon tax hike may have a partial impact on the cost of living for some Singaporean households, as the utilities rebate may not fully offset the increase in utility costs. The impact of the GST increase on these households may be neutralized under the Assurance Package and the Enterprise Financing Scheme. However, households concerned about the progressive wage model (PWM) and higher costs may still experience increased expenses.</s>"
24,"According to the World Health Organization (WHO), Singapore's border measures for fully vaccinated travelers include a pre-departure test within 48 hours of departure, followed by a PCR test upon arrival, and then a further test on day 7, after which they are required to quarantine for 7 days. These measures are subject to change, so it is advisable to check the official website of the Singaporean government for the most up-"
25,"Sectors that could see potential gains:

* Aviation and tourism, as stated in Doc[461].
* Grocers, such as Sheng Siong and Dairy Farm, as stated in Doc[586].
Sectors that could see potential losses:

* Restaurants and food caterers, such as Jumbo Group and Kimly, as stated in Doc[586].
* Property developers, and"
26,"As stated in Document[672], the document reports that ""Terminal 2, which has been closed since May 2020, will reopen on Wednesday."" However, it is not possible to determine if public transport ridership has returned to pre-pandemic levels based on the given information.</s>"
27,"As stated in Document[593], the new service called GovCash is an ATM-based service that allows Singaporeans to receive government payouts quickly and conveniently in a secure manner. This service is launched by the Central Provident Fund (CPF) Board in collaboration with OCBC. According to Document[501], the CPF Board is set to invest over $9 billion over the next five years on the Progressive Wage Credit Scheme"
28,"According to the information provided in Document[25] and Document[26], the attendance at the Pink Dot event has increased significantly since it first started. In 2009, the event had a turnout of 2,500 people, and this year, the number set a new record for the annual lesbian, gay, bisexual and transgender (LGBT) society with a turnout of 0.58. The"